id,label,query,google_maps_search_url,providers,requested_views,evidence,status,provider_id,capture_date,heading,pitch,notes,confidence
617_619_front,617-619 N Main west facade,617 N Main St Redfield SD 57469,https://www.google.com/maps/search/?api=1&query=617+N+Main+St+Redfield+SD+57469,google_street_view;mapillary;kartaview,straight_on_from_opposite_curb;north_oblique;south_oblique,facade_geometry;facade_depth;entrances;sidewalk_width;curb;signage;street_furniture;utility,pending,,,,,,
621_front,621 N Main / Carpets Plus,621 N Main St Redfield SD 57469,https://www.google.com/maps/search/?api=1&query=621+N+Main+St+Redfield+SD+57469,google_street_view;mapillary;kartaview,straight_on_from_opposite_curb;north_oblique;south_oblique,facade_geometry;facade_depth;entrances;sidewalk_width;curb;signage;street_furniture;utility,pending,,,,,,
623_front,623 N Main / Simply Charming,623 N Main St Redfield SD 57469,https://www.google.com/maps/search/?api=1&query=623+N+Main+St+Redfield+SD+57469,google_street_view;mapillary;kartaview,straight_on_from_opposite_curb;north_oblique;south_oblique,facade_geometry;facade_depth;entrances;sidewalk_width;curb;signage;street_furniture;utility,pending,,,,,,
625_front,625 N Main,625 N Main St Redfield SD 57469,https://www.google.com/maps/search/?api=1&query=625+N+Main+St+Redfield+SD+57469,google_street_view;mapillary;kartaview,straight_on_from_opposite_curb;north_oblique;south_oblique,facade_geometry;facade_depth;entrances;sidewalk_width;curb;signage;street_furniture;utility,pending,,,,,,
627_front,627 N Main,627 N Main St Redfield SD 57469,https://www.google.com/maps/search/?api=1&query=627+N+Main+St+Redfield+SD+57469,google_street_view;mapillary;kartaview,straight_on_from_opposite_curb;north_oblique;south_oblique,facade_geometry;facade_depth;entrances;sidewalk_width;curb;signage;street_furniture;utility,pending,,,,,,
east_curb_reference,Opposite east curb / block-wide view,626 N Main St Redfield SD 57469,https://www.google.com/maps/search/?api=1&query=626+N+Main+St+Redfield+SD+57469,google_street_view;mapillary;kartaview,west_facing_blockwide;north_oblique;south_oblique,frontage_alignment;curb;sidewalk;parking;street_furniture;signal_visibility,pending,,,,,,
main_7th,Main Street and 7th Avenue intersection,Main St and 7th Ave Redfield SD 57469,https://www.google.com/maps/search/?api=1&query=Main+St+and+7th+Ave+Redfield+SD+57469,google_street_view;mapillary;kartaview,northbound;southbound;west_sidewalk;east_sidewalk,intersection_geometry;crosswalks;signals;curb_returns;grade;street_width,pending,,,,,,
main_6th,Main Street and 6th Avenue intersection,Main St and 6th Ave Redfield SD 57469,https://www.google.com/maps/search/?api=1&query=Main+St+and+6th+Ave+Redfield+SD+57469,google_street_view;mapillary;kartaview,northbound;southbound;west_sidewalk;east_sidewalk,intersection_geometry;crosswalks;signals;curb_returns;grade;street_width,pending,,,,,,
west_alley,West alley behind 617-627 block,Main Street west alley between 6th Ave and 7th Ave Redfield SD 57469,https://www.google.com/maps/search/?api=1&query=Main+Street+west+alley+between+6th+Ave+and+7th+Ave+Redfield+SD+57469,google_street_view;mapillary;kartaview,north_alley_view;south_alley_view;rear_obliques,rear_walls;rear_additions;service_doors;utility;roof_edges;alley_width,pending,,,,,,
block_context,600 block Main Street overall context,600 block Main Street Redfield SD 57469,https://www.google.com/maps/search/?api=1&query=600+block+Main+Street+Redfield+SD+57469,google_street_view;mapillary;kartaview,northbound_sequence;southbound_sequence,building_spacing;streetscape_rhythm;tree_canopy;light_poles;parking;road_markings,pending,,,,,,
